{"IcoMoonType":"selection","icons":[],"height":1024,"metadata":{"name":"LogoElements","url":"http://design.logo.com.tr/","designer":"UX Team","designerURL":"http://design.logo.com.tr/","license":"Custom","licenseURL":"http://design.logo.com.tr/assets/guideline/icon/license.pdf"},"preferences":{"showGlyphs":true,"showCodes":true,"showQuickUse":true,"showQuickUse2":true,"showSVGs":true,"fontPref":{"prefix":"le-","metadata":{"fontFamily":"LogoElements","majorVersion":1,"minorVersion":4.1,"fontURL":"http://design.logo.com.tr/","description":"LogoElements Icons","copyright":"Logo Software Company","designer":"UX Team","designerURL":"http://design.logo.com.tr/","license":"Custom","licenseURL":"http://design.logo.com.tr/assets/guideline/icon/license.pdf"},"metrics":{"emSize":1024,"baseline":6.25,"whitespace":50},"showMetrics":false,"showVersion":true,"showMetadata":true,"showSelector":true,"resetPoint":59648,"selector":"","classSelector":".icon"},"imagePref":{"prefix":"lbs-","png":true,"useClassSelector":true,"color":0,"bgColor":16777215,"name":"LogoElements","classSelector":".lbs","height":32,"columns":16,"margin":16},"historySize":50}}